insert into app_user (id, first_name, last_name, personal_number) values (1, 'name 1', 'last 1', 70012875080)
insert into app_user (id, first_name, last_name, personal_number) values (2, 'name 2', 'last 2', 01210682118)
insert into app_user (id, first_name, last_name, personal_number) values (3, 'name 3', 'last 3', 17221984518)
insert into app_user (id, first_name, last_name, personal_number) values (4, 'name 4', 'last 4', 08272803211)
insert into app_user (id, first_name, last_name, personal_number) values (5, 'name 5', 'last 5', 67080596726)
insert into app_user (id, first_name, last_name, personal_number) values (6, 'name 6', 'last 6', 55011217066)
insert into app_user (id, first_name, last_name, personal_number) values (7, 'name 7', 'last 7', 52022974755)
insert into app_user (id, first_name, last_name, personal_number) values (8, 'name 8', 'last 8', 12061376860)
insert into app_user (id, first_name, last_name, personal_number) values (9, 'name 9', 'last 9', 43081128388)
insert into app_user (id, first_name, last_name, personal_number) values (10, 'name 10', 'last 10', 17012805060)

insert into account (user_id) values (1)
insert into account (user_id) values (2)
insert into account (user_id) values (3)
insert into account (user_id) values (4)
insert into account (user_id) values (5)
insert into account (user_id) values (6)
insert into account (user_id) values (7)
insert into account (user_id) values (8)
insert into account (user_id) values (9)
insert into account (user_id) values (10)


insert into sub_account (id, amount, type, account_user_id) values (1, 10000.1234, 'PLN', 1)
insert into sub_account (id, amount, type, account_user_id) values (2, 0, 'USD', 1)
insert into sub_account (id, amount, type, account_user_id) values (3, 10000.7764, 'PLN', 2)
insert into sub_account (id, amount, type, account_user_id) values (4, 0, 'USD', 2)
insert into sub_account (id, amount, type, account_user_id) values (5, 10000.9833, 'PLN', 3)
insert into sub_account (id, amount, type, account_user_id) values (6, 0, 'USD', 3)
insert into sub_account (id, amount, type, account_user_id) values (7, 10000.1245, 'PLN', 4)
insert into sub_account (id, amount, type, account_user_id) values (8, 0, 'USD', 4)
insert into sub_account (id, amount, type, account_user_id) values (9, 10000.2352, 'PLN', 5)
insert into sub_account (id, amount, type, account_user_id) values (10, 0, 'USD', 5)
insert into sub_account (id, amount, type, account_user_id) values (11, 10000.2436, 'PLN', 6)
insert into sub_account (id, amount, type, account_user_id) values (12, 0, 'USD', 6)
insert into sub_account (id, amount, type, account_user_id) values (13, 10000.1239, 'PLN', 7)
insert into sub_account (id, amount, type, account_user_id) values (14, 0, 'USD', 7)
insert into sub_account (id, amount, type, account_user_id) values (15, 10000.1200, 'PLN', 8)
insert into sub_account (id, amount, type, account_user_id) values (16, 0, 'USD', 8)
insert into sub_account (id, amount, type, account_user_id) values (17, 10000.5262, 'PLN', 9)
insert into sub_account (id, amount, type, account_user_id) values (18, 0, 'USD', 9)
insert into sub_account (id, amount, type, account_user_id) values (19, 10000.1234, 'PLN', 10)
insert into sub_account (id, amount, type, account_user_id) values (20, 0, 'USD', 10)